<?xml version="1.0" encoding="UTF-8"?>
<beans xmlns="http://www.springframework.org/schema/beans"
	xmlns:xsi="http://www.w3.org/2001/XMLSchema-instance" xmlns:context="http://www.springframework.org/schema/context"
	xmlns:p="http://www.springframework.org/schema/p" xmlns:tx="http://www.springframework.org/schema/tx"
	xsi:schemaLocation="http://www.springframework.org/schema/beans http://www.springframework.org/schema/beans/spring-beans.xsd
		http://www.springframework.org/schema/context http://www.springframework.org/schema/context/spring-context-4.3.xsd
		http://www.springframework.org/schema/tx http://www.springframework.org/schema/tx/spring-tx-4.3.xsd">


	<!-- 1.配置数据库相关参数properties的属性：${url} -->
	<context:property-placeholder location="classpath:jdbc.properties" />
	<!-- 2.数据库连接池 -->
	<bean id="dataSource" class="org.apache.commons.dbcp2.BasicDataSource"
		destroy-method="close" p:driverClassName="${jdbc.driver}" p:url="${jdbc.url}"
		p:username="${jdbc.username}" p:password="${jdbc.password}" />
	<!-- 3.配置SqlSessionFactory对象 -->
	<bean id="sqlSessionFactory" class="org.mybatis.spring.SqlSessionFactoryBean">
		<!-- 注入数据库连接池 -->
		<property name="dataSource" ref="dataSource" />
		<!-- 配置MyBaties全局配置文件:mybatis-config.xml -->
		<property name="configLocation" value="classpath:mybatis-config.xml" />
		<!-- 扫描entity包 使用别名 -->
		<property name="typeAliasesPackage" value="com.dzx.domain" />
		<!-- 扫描sql配置文件:mapper需要的xml文件 -->
		<property name="mapperLocations" value="classpath:mapper/*.xml" />
	</bean>
	<!-- 4.配置扫描Dao接口包，动态实现Dao接口，注入到spring容器中 -->
	<bean class="org.mybatis.spring.mapper.MapperScannerConfigurer">
		<!-- 注入sqlSessionFactory -->
		<property name="sqlSessionFactoryBeanName" value="sqlSessionFactory" />
		<!-- 给出需要扫描Dao接口包 -->
		<property name="basePackage" value="com.dzx.dao" />
	</bean>


</beans>
