<?xml version="1.0" encoding="UTF-8"?>
<beans xmlns="http://www.springframework.org/schema/beans"
	xmlns:xsi="http://www.w3.org/2001/XMLSchema-instance" xmlns:mvc="http://www.springframework.org/schema/mvc"
	xmlns:context="http://www.springframework.org/schema/context"
	xsi:schemaLocation="http://www.springframework.org/schema/mvc http://www.springframework.org/schema/mvc/spring-mvc-4.3.xsd
		http://www.springframework.org/schema/beans http://www.springframework.org/schema/beans/spring-beans.xsd
		http://www.springframework.org/schema/context http://www.springframework.org/schema/context/spring-context-4.3.xsd">
	<!--扫描controller类 -->
	<context:component-scan base-package="com.dzx.controller" />
	<!--配置HandleAdapter HandlerMapping -->
	<mvc:annotation-driven />
	<!--允许访问静态资源 -->
	<mvc:default-servlet-handler />
	<!-- 上传文件需要的bean -->
	<bean id="multipartResolver"
		class="org.springframework.web.multipart.commons.CommonsMultipartResolver">
		<!-- 上传文件大小上限，单位为字节（10MB） -->
		<property name="maxUploadSize">
			<value>10485760</value>
		</property>
		<!-- 请求的编码格式，必须和jSP的pageEncoding属性一致，以便正确读取表单的内容，默认为ISO-8859-1 -->
		<property name="defaultEncoding">
			<value>UTF-8</value>
		</property>
	</bean>
	
	<!-- 注册拦截器 -->
	<mvc:interceptors>
		<mvc:interceptor>
			<mvc:mapping path="/*" />
			<bean class="com.dzx.util.HrmInterceptor" />

		</mvc:interceptor>
	</mvc:interceptors>

	<!-- 视图解析器 -->
	<bean id="viewResolver"
		class="org.springframework.web.servlet.view.InternalResourceViewResolver">
		<!-- 前缀 -->
		<property name="prefix">
			<value>/WEB-INF/content/jsp/</value>
		</property>
		<!-- 后缀 -->
		<property name="suffix">
			<value>.jsp</value>
		</property>
	</bean>

</beans>
